{
  "N_events": 216,
  "N_banks": 11,
  "H1_avg": {
    "Dov_N": 108,
    "Hawk_N": 108,
    "Dov_mean": -0.0005878960649080983,
    "Hawk_mean": 0.0031904818658062884,
    "spread": -0.003778377930714387,
    "t_welch": -1.1086310639246264,
    "p_welch": 0.26950881682031014
  },
  "bootstrap": {
    "mean_spread": -0.0037304257451954356,
    "ci_lo": -0.010518109914396117,
    "ci_hi": 0.0028900708149032215
  }
}