{
  "analysis_type": "kuttner_surprise_robustness",
  "n_obs": 2556,
  "n_banks": 14,
  "specifications": {
    "kuttner_only": {
      "beta_kuttner": 0.0032160188878885484,
      "t_kuttner": 7.306989107774782,
      "r2_within": 0.014317542494862945
    },
    "lm_only": {
      "beta_lm": 0.0027295205178573547,
      "t_lm": 8.67577893983331,
      "r2_within": 0.010247031161731757
    },
    "horse_race": {
      "beta_kuttner": 0.0030382099166203513,
      "t_kuttner": 6.899312118293157,
      "beta_lm": 0.0025131713031719977,
      "t_lm": 8.003025503817495,
      "r2_within": 0.022960770174447864
    },
    "htm_channel": {
      "kuttner_fasthike_htm": -0.054516529477481646,
      "t_kuttner_fasthike_htm": -3.1863472021674766,
      "lm_fasthike_htm": 0.016139441953421256,
      "t_lm_fasthike_htm": 1.4897392808887415
    },
    "nim_channel": {
      "kuttner_zlb_nim": 0.08114420649442083,
      "t_kuttner_zlb_nim": 2.9537323919459544,
      "lm_zlb_nim": -0.0005757324204795817,
      "t_lm_zlb_nim": -0.17358384879577435
    }
  }
}