{
  "analysis_type": "kuttner_surprise_robustness",
  "n_obs": 2556,
  "n_banks": 14,
  "specifications": {
    "kuttner_only": {
      "beta_kuttner": 0.0032160188878885484,
      "t_kuttner": 7.306989107774782,
      "r2_within": 0.014317542494862945
    },
    "lm_only": {
      "beta_lm": 0.0006423702950774987,
      "t_lm": 2.168685394434638,
      "r2_within": 0.0005733401309487851
    },
    "horse_race": {
      "beta_kuttner": 0.0033214725271814172,
      "t_kuttner": 7.042088145527848,
      "beta_lm": -7.144427335114087e-05,
      "t_lm": -0.22023324436009192,
      "r2_within": 0.015499151044103598
    },
    "htm_channel": {
      "kuttner_fasthike_htm": -0.07344658051320957,
      "t_kuttner_fasthike_htm": -2.2031142298538136,
      "lm_fasthike_htm": -0.007582220775629476,
      "t_lm_fasthike_htm": -1.6707377212533387
    },
    "nim_channel": {
      "kuttner_zlb_nim": 0.08203638538813103,
      "t_kuttner_zlb_nim": 2.8444578202572726,
      "lm_zlb_nim": -0.000808166200445866,
      "t_lm_zlb_nim": -0.9047740148559563
    }
  }
}