{
  "analysis_type": "nim_microfoundation_rebalancing",
  "n_obs": 2556,
  "n_banks": 14,
  "specifications": {
    "baseline_nim": {
      "params": {
        "const": -0.0029292670671457383,
        "dovish": 0.0027757688615581842,
        "zlb": 0.0035114956278511993,
        "nim_z": -0.0007590303688949449,
        "dovish_zlb": -0.0037649502173832715,
        "dovish_nim": -0.0020523766039325865,
        "zlb_nim": 0.003688678857111529,
        "dovish_zlb_nim": -0.0037513667161293823
      },
      "tstats": {
        "const": -6.305925156212291,
        "dovish": 5.434406706224008,
        "zlb": 3.400415353649786,
        "nim_z": -1.4116745591454813,
        "dovish_zlb": -2.455473812923044,
        "dovish_nim": -2.7508613418551846,
        "zlb_nim": 3.553881864851678,
        "dovish_zlb_nim": -2.3629390404361392
      },
      "pvalues": {
        "const": 3.389299951805924e-10,
        "dovish": 6.042839184594584e-08,
        "zlb": 0.0006836515380159724,
        "nim_z": 0.15817320827488857,
        "dovish_zlb": 0.014139134022632227,
        "dovish_nim": 0.005987730766831678,
        "zlb_nim": 0.00038679060665458564,
        "dovish_zlb_nim": 0.01820861884346625
      },
      "r2_within": 0.011206504133126183,
      "n_obs": 2463
    },
    "nim_trading": {
      "params": {
        "const": -0.003079060031248677,
        "dovish": 0.0028616360845523225,
        "zlb": 0.003689898245577117,
        "nim_z": -0.0007451766021246855,
        "trading_ratio_z": 0.0011331474758124408,
        "dovish_zlb": -0.0032454178561641582,
        "dovish_nim": -0.00211777281699566,
        "zlb_nim": 0.003725939956488325,
        "dovish_zlb_nim": -0.002884747248126179,
        "dovish_zlb_trading": -0.0013908412129513578,
        "zlb_nim_trading": -0.0018496862951661078,
        "dovish_nim_trading": -0.0013334211866761136,
        "nim_trading": 0.0015296687112115522,
        "dovish_zlb_nim_trading": -0.0006275222224350269
      },
      "tstats": {
        "const": -6.253238051230993,
        "dovish": 6.003595852569295,
        "zlb": 3.512961508735724,
        "nim_z": -1.674900533524519,
        "trading_ratio_z": 0.6962922682683474,
        "dovish_zlb": -2.0760076521608735,
        "dovish_nim": -3.14881016289317,
        "zlb_nim": 4.931225579777937,
        "dovish_zlb_nim": -1.6848701398014971,
        "dovish_zlb_trading": -0.9284468990330228,
        "zlb_nim_trading": -3.182593690127548,
        "dovish_nim_trading": -1.066985646028144,
        "nim_trading": 1.7113060882535183,
        "dovish_zlb_nim_trading": -0.4191882432086021
      },
      "pvalues": {
        "const": 4.732683134278659e-10,
        "dovish": 2.2183774817108315e-09,
        "zlb": 0.0004512098419331423,
        "nim_z": 0.09408210219122526,
        "trading_ratio_z": 0.486312243165659,
        "dovish_zlb": 0.037997900014870245,
        "dovish_nim": 0.0016592201970226927,
        "zlb_nim": 8.721837929659415e-07,
        "dovish_zlb_nim": 0.09214171981641628,
        "dovish_zlb_trading": 0.35326778534917214,
        "zlb_nim_trading": 0.0014780109191978585,
        "dovish_nim_trading": 0.2860840488380949,
        "nim_trading": 0.08715192345418021,
        "dovish_zlb_nim_trading": 0.6751155237061957
      },
      "r2_within": 0.013325128769581918,
      "n_obs": 2463
    },
    "nim_deposit": {
      "params": {
        "const": -0.002695023106863591,
        "dovish": 0.0026952710893799396,
        "zlb": 0.003442274973286408,
        "nim_z": -0.0007745420874671634,
        "deposit_ratio_z": -0.0008432743937607872,
        "dovish_zlb": -0.0033244838559133914,
        "dovish_nim": -0.0022030368254349502,
        "zlb_nim": 0.00411981652051269,
        "dovish_zlb_nim": -0.0053000468869309255,
        "dovish_zlb_deposit": 0.0023102467302320265,
        "zlb_nim_deposit": 0.0014195955910878241,
        "dovish_nim_deposit": -0.0005047891108765229,
        "nim_deposit": 0.0014656879142686016,
        "dovish_zlb_nim_deposit": -0.003945975621142063
      },
      "tstats": {
        "const": -5.505834350046166,
        "dovish": 4.998399460858635,
        "zlb": 3.3665851152314845,
        "nim_z": -1.7303016255933772,
        "deposit_ratio_z": -0.4886613660458868,
        "dovish_zlb": -1.9823375902872273,
        "dovish_nim": -3.1764941619857945,
        "zlb_nim": 2.635666534336726,
        "dovish_zlb_nim": -2.777252150412165,
        "dovish_zlb_deposit": 1.4013814504163,
        "zlb_nim_deposit": 0.9001498091778078,
        "dovish_nim_deposit": -0.40852765830726406,
        "nim_deposit": 1.9232872305037996,
        "dovish_zlb_nim_deposit": -1.5785121769458361
      },
      "pvalues": {
        "const": 4.059188385419077e-08,
        "dovish": 6.191604180472154e-07,
        "zlb": 0.0007728655045893262,
        "nim_z": 0.08370304761353475,
        "deposit_ratio_z": 0.6251254472186782,
        "dovish_zlb": 0.04755366088084623,
        "dovish_nim": 0.0015093142967703699,
        "zlb_nim": 0.00845048141530147,
        "dovish_zlb_nim": 0.00552402843619304,
        "dovish_zlb_deposit": 0.1612274236462019,
        "zlb_nim_deposit": 0.3681295078183364,
        "dovish_nim_deposit": 0.682922236950632,
        "nim_deposit": 0.054560420102466756,
        "dovish_zlb_nim_deposit": 0.11457782892115986
      },
      "r2_within": 0.020639360475381063,
      "n_obs": 2463
    },
    "nim_htm": {
      "params": {
        "const": -0.0028938779239758,
        "dovish": 0.0025223420267191958,
        "zlb": 0.003036601101705369,
        "nim_z": -0.000797674437227404,
        "htm_ratio_z": -0.002660035526468016,
        "dovish_zlb": -0.0032014381521039133,
        "dovish_nim": -0.0018538279445559009,
        "zlb_nim": 0.0031553887583602286,
        "dovish_zlb_nim": -0.0032280527577357226,
        "dovish_zlb_htm": 0.0004899359534007071,
        "zlb_nim_htm": -0.0010550397458757984,
        "dovish_nim_htm": -0.0007933102575806969,
        "nim_htm": -0.0001013410756595862,
        "dovish_zlb_nim_htm": 0.0022197491704859687
      },
      "tstats": {
        "const": -4.96725951067115,
        "dovish": 4.216673225962993,
        "zlb": 2.468682533952762,
        "nim_z": -1.5230846229972195,
        "htm_ratio_z": -1.8897789786091663,
        "dovish_zlb": -1.4261622097720288,
        "dovish_nim": -2.602795597344133,
        "zlb_nim": 4.265807243142691,
        "dovish_zlb_nim": -1.5546511594222796,
        "dovish_zlb_htm": 0.2370271276751115,
        "zlb_nim_htm": -0.9695228502545683,
        "dovish_nim_htm": -0.8856584808777499,
        "nim_htm": -0.17559900320273356,
        "dovish_zlb_nim_htm": 1.2232130697690846
      },
      "pvalues": {
        "const": 7.2612803991845e-07,
        "dovish": 2.5698343282920533e-05,
        "zlb": 0.01362931884454599,
        "nim_z": 0.1278673335732161,
        "htm_ratio_z": 0.058906158423628785,
        "dovish_zlb": 0.15394966164191737,
        "dovish_nim": 0.00930278443608823,
        "zlb_nim": 2.0678468483525947e-05,
        "dovish_zlb_nim": 0.1201590731889226,
        "dovish_zlb_htm": 0.8126556754229362,
        "zlb_nim_htm": 0.3323806349036418,
        "dovish_nim_htm": 0.37588900372386425,
        "nim_htm": 0.8606235802231874,
        "dovish_zlb_nim_htm": 0.22136754503246303
      },
      "r2_within": 0.013412703075750931,
      "n_obs": 2463
    },
    "full_model": {
      "params": {
        "const": -0.002724581812776176,
        "dovish": 0.0024926240721752195,
        "zlb": 0.0029187403640017337,
        "nim_z": -0.000629253223648517,
        "trading_ratio_z": 0.0012346146790580092,
        "deposit_ratio_z": -0.0007610248743942908,
        "htm_ratio_z": -0.002842077613354377,
        "dovish_zlb": -0.0034711219528876756,
        "dovish_nim": -0.0022477524374113224,
        "zlb_nim": 0.0034822093448763857,
        "dovish_zlb_nim": -0.00523748978434027,
        "dovish_zlb_trading": -0.0038405719385163645,
        "zlb_nim_trading": -0.00400449389323871,