{
  "analysis_type": "nim_microfoundation_rebalancing",
  "n_obs": 2556,
  "n_banks": 14,
  "specifications": {
    "baseline_nim": {
      "params": {
        "const": -0.0012716456685276203,
        "dovish": -0.0028166801486379247,
        "zlb": 0.0011815226091362702,
        "nim_z": -0.000871717085267951,
        "dovish_zlb": 0.005800245710821278,
        "dovish_nim": -0.0022673494200078546,
        "zlb_nim": 0.003864622419323042,
        "dovish_zlb_nim": -0.0006560818282494113
      },
      "tstats": {
        "const": -3.0938518010592886,
        "dovish": -4.844040991145309,
        "zlb": 1.1125402834710054,
        "nim_z": -1.745339642284032,
        "dovish_zlb": 7.944393114322578,
        "dovish_nim": -3.12495557325161,
        "zlb_nim": 3.6966530414339855,
        "dovish_zlb_nim": -0.4744868488770292
      },
      "pvalues": {
        "const": 0.0019981296156657002,
        "dovish": 1.3518829993230952e-06,
        "zlb": 0.2660154266016641,
        "nim_z": 0.08105153892339523,
        "dovish_zlb": 2.886579864025407e-15,
        "dovish_nim": 0.0017992079675865913,
        "zlb_nim": 0.0002232693017869547,
        "dovish_zlb_nim": 0.6351951995358722
      },
      "r2_within": 0.011724027601952014,
      "n_obs": 2463
    },
    "nim_trading": {
      "params": {
        "const": -0.0013632976783123358,
        "dovish": -0.00288901352899603,
        "zlb": 0.0013577759989295776,
        "nim_z": -0.0008037939507139282,
        "trading_ratio_z": 0.00103242544197842,
        "dovish_zlb": 0.005565880118173725,
        "dovish_nim": -0.0024985697404250142,
        "zlb_nim": 0.003967931344270569,
        "dovish_zlb_nim": -0.0008128399570257347,
        "dovish_zlb_trading": -0.0006153902090242824,
        "zlb_nim_trading": -0.0020920884117249174,
        "dovish_nim_trading": -0.00012035256084113355,
        "nim_trading": 0.0013721365582600319,
        "dovish_zlb_nim_trading": 0.0019352350113967468
      },
      "tstats": {
        "const": -3.069409499792896,
        "dovish": -4.860403291652857,
        "zlb": 1.2603668080423498,
        "nim_z": -1.7190785284043553,
        "trading_ratio_z": 0.5795486938088019,
        "dovish_zlb": 7.536086746965403,
        "dovish_nim": -3.5847820236865635,
        "zlb_nim": 5.195128000212819,
        "dovish_zlb_nim": -0.6070913019927162,
        "dovish_zlb_trading": -1.3337097618418277,
        "zlb_nim_trading": -2.7402074273885697,
        "dovish_nim_trading": -0.09380606210369569,
        "nim_trading": 1.643952696498579,
        "dovish_zlb_nim_trading": 1.476460615601672
      },
      "pvalues": {
        "const": 0.0021684656719549444,
        "dovish": 1.2459683162990842e-06,
        "zlb": 0.2076577844894627,
        "nim_z": 0.08572711589100224,
        "trading_ratio_z": 0.5622725917530809,
        "dovish_zlb": 6.772360450213455e-14,
        "dovish_nim": 0.0003439881786952981,
        "zlb_nim": 2.2153782519573895e-07,
        "dovish_zlb_nim": 0.5438469015712177,
        "dovish_zlb_trading": 0.18242367956539662,
        "zlb_nim_trading": 0.006184821376743033,
        "dovish_nim_trading": 0.9252709305170317,
        "nim_trading": 0.10031501305431179,
        "dovish_zlb_nim_trading": 0.13994953293404389
      },
      "r2_within": 0.013876422370049712,
      "n_obs": 2463
    },
    "nim_deposit": {
      "params": {
        "const": -0.0010788501208451146,
        "dovish": -0.0029667690922945264,
        "zlb": 0.0010439998531173228,
        "nim_z": -0.0009737586389562865,
        "deposit_ratio_z": -2.2628642646424622e-05,
        "dovish_zlb": 0.005937091752112753,
        "dovish_nim": -0.0022912704248640946,
        "zlb_nim": 0.0043379141405496015,
        "dovish_zlb_nim": -0.0009532351061376903,
        "dovish_zlb_deposit": 0.0020812095375831933,
        "zlb_nim_deposit": 0.0006432798472214942,
        "dovish_nim_deposit": -0.000808745316850754,
        "nim_deposit": 0.0013849893709152496,
        "dovish_zlb_nim_deposit": -0.002203109291565527
      },
      "tstats": {
        "const": -2.497147201467693,
        "dovish": -4.764013222548061,
        "zlb": 1.0082104630712638,
        "nim_z": -2.1429453014887065,
        "deposit_ratio_z": -0.014155037738010393,
        "dovish_zlb": 8.460531491487055,
        "dovish_nim": -3.3253261088813133,
        "zlb_nim": 2.746383991072117,
        "dovish_zlb_nim": -0.507097093471277,
        "dovish_zlb_deposit": 1.6889670196751334,
        "zlb_nim_deposit": 0.408822268130468,
        "dovish_nim_deposit": -0.7943371010352263,
        "nim_deposit": 2.017972970592791,
        "dovish_zlb_nim_deposit": -1.0693551375303638
      },
      "pvalues": {
        "const": 0.012585234509184584,
        "dovish": 2.0093157793166228e-06,
        "zlb": 0.3134535689470508,
        "nim_z": 0.03221629286868244,
        "deposit_ratio_z": 0.9887074502143567,
        "dovish_zlb": 0.0,
        "dovish_nim": 0.0008962455862084884,
        "zlb_nim": 0.006069922069443345,
        "dovish_zlb_nim": 0.6121325943775733,
        "dovish_zlb_deposit": 0.09135372792875818,
        "zlb_nim_deposit": 0.6827060337227651,
        "dovish_nim_deposit": 0.42707658616998323,
        "nim_deposit": 0.04370350680380186,
        "dovish_zlb_nim_deposit": 0.28501562249097634
      },
      "r2_within": 0.016968989677741075,
      "n_obs": 2463
    },
    "nim_htm": {
      "params": {
        "const": -0.001357741583263217,
        "dovish": -0.0027344382453993845,
        "zlb": 0.0008375540735877911,
        "nim_z": -0.0008666133604090368,
        "htm_ratio_z": -0.0028769591383678377,
        "dovish_zlb": 0.006093084156958929,
        "dovish_nim": -0.0023427807650023423,
        "zlb_nim": 0.00342182850121796,
        "dovish_zlb_nim": 7.469914183066796e-05,
        "dovish_zlb_htm": 0.00133479744428388,
        "zlb_nim_htm": -0.0007613630908191343,
        "dovish_nim_htm": -0.001056975283875596,
        "nim_htm": -8.792281530424246e-06,
        "dovish_zlb_nim_htm": 0.000976987770783345
      },
      "tstats": {
        "const": -3.0852707448674015,
        "dovish": -5.653542498278217,
        "zlb": 0.6943102816081398,
        "nim_z": -1.7537771932324298,
        "htm_ratio_z": -2.0856556353975844,
        "dovish_zlb": 7.043859440171132,
        "dovish_nim": -3.3994851276608826,
        "zlb_nim": 4.194301457004593,
        "dovish_zlb_nim": 0.05753473229588826,
        "dovish_zlb_htm": 3.507155684789496,
        "zlb_nim_htm": -0.6988158842991241,
        "dovish_nim_htm": -1.3630860816717527,
        "nim_htm": -0.016110297714358117,
        "dovish_zlb_nim_htm": 0.8606741872571637
      },
      "pvalues": {
        "const": 0.002056515141144022,
        "dovish": 1.7551544440053135e-08,
        "zlb": 0.4875538526050689,
        "nim_z": 0.07959444034274754,
        "htm_ratio_z": 0.03711366159027696,
        "dovish_zlb": 2.4231727735468667e-12,
        "dovish_nim": 0.0006859970093635592,
        "zlb_nim": 2.8350233728380303e-05,
        "dovish_zlb_nim": 0.9541239582993981,
        "dovish_zlb_htm": 0.0004611192680259446,
        "zlb_nim_htm": 0.4847338106482888,
        "dovish_nim_htm": 0.1729813575480783,
        "nim_htm": 0.9871477174841545,
        "dovish_zlb_nim_htm": 0.3895022142647582
      },
      "r2_within": 0.01424317172346834,
      "n_obs": 2463
    },
    "full_model": {
      "params": {
        "const": -0.0012034098636525307,
        "dovish": -0.0028415821854469716,
        "zlb": 0.0006290322398440949,
        "nim_z": -0.0007262199335583803,
        "trading_ratio_z": 0.0007295720121582482,
        "deposit_ratio_z": 0.00021269592549725394,
        "htm_ratio_z": -0.0030843835418609654,
        "dovish_zlb": 0.006178178184967946,
        "dovish_nim": -0.0026677259947025596,
        "zlb_nim": 0.0037227819429817978,
        "dovish_zlb_nim": -0.0005186116715644539,
        "dovish_zlb_trading": -0.0005660919854191434,
        "zlb_nim_trading": -0.003939831080451617,